Text;Label
Hello, the airconditioning system in my office is making strange loud noises. Could you please help me with this? Thanks.;Facility Management
Hey, I know that some departments were moved due to facility-based changes in our company. Can you please tell me where our HR team is placed now? If I don't sign my contract in time, it will not get extended;Facility Management
Good afternoon. Could you please update the online cantina's lunch menu plan? Otherwise we don't know which cantina to use or where to grab some food for lunch;Facility Management
Hi, I have a following question. I am unable to download any data from the servers, as if I am not in the internal network. I have checked and the vpn connection seems to be fine. Could you help me with this?;IT
when my colleagues make any changes to the shared word files I don’t see any of their changes - they can see mine though. Is there a way ti fix this? Thanks;IT
I cannot open my office cabinets, I think I have lost the key somewhere. Can you help me get inside? I have some important documents in there. Thank you;Facility Management
When is the release of our new career consulting tool? I am at the same position for already 6 years. My manager says there is no upgrade possible due to the budget. Can you provide me any information? Thanks…;HR
Dear HR team, I read that our company offers a kindergarten for employee's children. How can I use it? Thanks!;HR
I would need request documents for a refund of my business trips. Can you send me these documents please? Thank you in advance.;HR
A frosty hello from Walldorf, me and my colleagues have recognized that the heating system does not work at all. How shall one work if we have like +14 in the office? Thanks!;Facility Management
Hello, I would like my status in teams and skype to be hidden, i.e. offline/away even when I am working. I am changing it but after a few hours it comes back to showing I am online. Is there a way to make these changes permanent or at least stay for longer?;IT
I can't connect my monitors to electricity… I plug them in but they do not turn on, I assume a problem with connection. What are my next actions to fix the problem?;IT
Hello, I have a business trip in 2 weeks to india. Am I allowed to use my business mobile there or how can I communicate from there?;HR
hi, a following question. Where do I need to return all my hardware? Shall I just come to the it stand or is there a specific place? Thanks!;IT
Hello guys! I am not an expert but I think the grass in the backyard started to rot. Maybe you send out some expert to fix our beautiful lawn.;Facility Management
Hey team, there is a strange smell coming out of the ventilation system in building 18. Could you please check that as soon as possible?;Facility Management
Hey, my current secretary retires at the end of the year. Can you create an internal job ad which should be sent to all secretaries in our company? I know that some departments have too many secretaries but we have ZERO at the end of the year;HR
Hey, who is reponsible for human resource budgeting? My department's revenue grew by 28% and you decide to shorten by budget? Is this a joke?;HR
Hey, I am Herbert Mueller, I got hired for the full-time position as supply chain consultant. My future manager wanted me to start in April, which is already in 3 weeks, but I still haven't received any documents from your side. Can you please help me here? Thanks;HR
Hello I just received my last payroll. There you take off church taxes from my loan, which is incorrect because I left the church already five years ago. Please correct that.;HR
"Hello due to Covid we should work from home. My question is: How shall we enter our working time now? I mean, we do not have a ""time card system"" at home…";HR
"Dear to whom it may concern, your security department is kept busy eating donuts. Maybe they should start doing what they are paid for? For some reason, people who obviously dont work at our company entered the parking lot and were ""chilling"" and hanging out and smoking weed. How can you allow such faces to enter our territory? What if some of them are spying or want to damage our cars?!?!! To be honest, I dont feel save working in here anymore.";Facility Management
My headset is not charging anymore - I know it is fully functionable because I can still use it with a cable but when I use blutooth it doesn't turn on (and says battery low). Can you help me?;IT
For some reason most of the features are disabled for me in MS teams. I cannot open files most of the time and even if I do I am unable to edit them.;IT
Hello, I as a manager want to employ two more people to my team and have received my manager's approval. What are my next steps? Thank you;HR
Hey, I know that our company is sponsoring professional e-sports teams. 2 years ago we even had a League of Legends tournament. Will there be a similar event in the near future? My team and I are higly interested in that;HR
I have a question - is there a way I can disable touchscreen on my laptop? I keep accidentally touching screen and it reacts which I find very irritating. Thank you;IT
IT is hard to enter the bathroom with a wheelchair as the door is quite heavy. Can we maybe implement a door opener button somehow? Thanks!;Facility Management
Hey I just wanted to ask on which position of the waiting list I am for the parking slots. Would be nice If you could tell me that I have gone up a few spots.;HR
Hey! At a certain period of time, I see that we receive less electricity than we should have. This happens usually after 3 pm on Thursdays: The light loses brightness, the phones charge slower;Facility Management
I don't have a company car for now but our company offers some subsidized technical inspection on the company territory. Where can I find this garage?;Facility Management
My issue is as follows. We have a big office plant in our office. However, it has died and now is completely dry. Could you please remove it from the office or give any specific instructions where to place it?;Facility Management
Hello, I accidentally broke my laptop screen, can I come over to see if it can be repaired? ;IT
Hello I wanted to ask if there is a possibility to get a macbook as a laptop for work? I have been using wondows but would like to try macOS as my colleagues say it is a lot more comfortable. I would return my widows laptop of course;IT
Hey can you tell me which requirements I need to fulfill to get a job promotion in my department?;HR
Hey! As we need to work from home now, I wanted to ask if the company does subsidize chairs and ergonomic desks? ;HR
Hey, I need to hire a russian speaking student as we have more and more customers from Belarus, Russia, Kazakhstan and Ukraine. What if the applicant is not a German citizen? How does that change the application process and the work conditions?;HR
Hey,  I had an car accident with the company car. I was hit by a truck. The car is a mess. Can we maybe have a call where we discuss the further steps, e.g. how can I get a new car etc.;HR
Hello, is there a possibility to sign my new contract online and not per mail? I am currently abroad and have no acces to my postbox, thank you!;HR
My heating system does not work, it is very cold in my office. Could you please help me further? Thanks.;Facility Management
There seems to be an issue with my webcam - it turns on automatically by itself in meetings where I don't want it. Is there a way to disable this automatic switching on? Thanks;IT
Hello! I am a big football fan and saw the pitch beside our office. How can I register to play there? Which shoes are allowed? Thanks!;Facility Management
Hi, we ran out of soap in the bathroom on floor 4 in building 3, can we please have someone come over and refill?;Facility Management
hello my printer settings have disappeares from my laptop and now I am unable to print. I can't install rinter drivers without IT admin permissions. Help me please?;IT
I have moved and need to change my address, if I try to do this in portal it won’t let me do any data changes. can you please fix this? Or will it be ok if I just tell you my new address and you update it for  me?;IT
After the recent update some of my work files were displaced. I can see via search function that they still exist on my pc but I can't find a path to them or open. Can someone assist me on the matter?;IT
The ventilation in smoking area in building 3 is not working properly anymore, could someone please have a look? It would be highly appreciated;Facility Management
"hey folks, I appreciate the big choice of drinks in our coffee corner but can we somehow influence this choice? Would be great to have fair trade coffee and not only ""the cheapest"".";Facility Management
Dear team, please check out the sensors in our parking area. Today, the screen told we had 59 free spots but in fact, no spots were left but the parking sensors did not register them. Please have a look at it. If I knew earlier, I would not have even entered our P1;Facility Management
when I enter date in excel it put it in wrong format. There is no dd.mm.yyyy format in the choice. Could comeone look into this?;IT
Hey guys, the sidewalk is slippery due to the ice. Someone can hurt him or herself seriously. Please put some salt on it. Thanks;Facility Management
Hi. Can you please check your room booking system? Somehow, another team booked our requested room for the same day and the same time. Some colleagues came to the office only because of this meeting. Please check that bug;Facility Management
Hi! My doctor told me I should try working while standing and not sitting which is good for my back. How can I get a height adjustable table for my office? Thanks!;Facility Management
hey, I remember that some rooms should not be shown to public due privacy. May I show my customer the VR room in our company? They are interested in this technology but have no experience. How can I book the room if I am allowed to do it for this purpose?;Facility Management
Hey! I am an intern until June. The system says I can have 20 days of vacation. What if I do not use these 20 days until June? Can these days be paid of after my leave?;HR
Hey, I would like to get my staff budget extended. We have fulfilled all goal and our growth was phenomenal. If it is possible, please organize a call;HR
Hey! I started working as a data scientist in January but I must say, as I have my major in social studies, I am very overwhelmed with the IT things I should know but don't know. Can you maybe offer me some courses?;HR
Hey I requested my away on leave already a month ago but still nobody accepted or declined my request. What should I do about that?;HR
hello I am having a problem with the internal portal. The page does not load even though all other websites work fine, so this can't be internet connection issue. What should I do? ;IT
hello, I have read the corporate ms teams tutorial but still cannot find the function to disable waiting room, could you pleas ehelp me?;IT
Hi… I was a witness of a sexistic discrimination against my coworker. Who shall be contacted for such a case?;HR
Hi, how am I going to receive my final salary payment overview if I am not working for the company anymore? Wil lit be sent per post? I am leaving the company soon and thus will not have access to my personal payroll slip. Thanks;HR
hello, our dishes for food and drinks were not cleaned since last Friday. Can anyone help us, please?;Facility Management
Hello, how do I apply for the courses that I would like to attend? I see them in the learning catalog but I cannot book them. Thanks;HR
I need specific adapters for my mac to be able to connect them to big screens. Where could I get these? Do I just get them from it desk or I need tu buy them separately online?;IT
Wifi at mylocation is not working correctly, I need to login again every 10 minutes which makes my work difficuly to accomplish.;Facility Management
good morning, at my previous employer we had yoga sessions in the morning. This helped me and my productivity a lot. HR told me, that you have a special room for this activity. Where can I find it?;Facility Management
hello, my timesheet application keeps kicking me out whenever I am trying to capture my worktime. I am afraid I will get introuble with payroll if this does not get fixed. Can I get any assistance on this?;IT
hey, the coffee machine needs to be cleaned (That's what the display says). I cannot work productively without my morning drink;Facility Management
I cannot make zoom calls from my iphone. I have downloaded the app and logged in but it still won't allow me join meetings. I have also tried reinstalling the app or resetting the phone. Can somone help me please?;IT
Hey, please check the ventilation. It sounds like some animal is running up and down in Building 12;Facility Management
Hey team, I would like to host an internal event on how we managed to help our customer with the implementation of IoT and Blockchain. I know that our story needs to be heard as our story is a game changer for the industry. Whom do I have to contact to plan and host it? thanks!;Facility Management
Good morning. My headphones do not work anymore - what shall I do? Shall I order the new ones or bring them to somone in the IT to have a look and repair them? thanks ;IT
how do I arrange an appointment to change my it hardware?;IT
Hi, I have a question about contract signing. Do I need to send you my signed contract per post or will it be enough if I send it per email? Thank you;HR
Hey I  come to work everyday by my bike and got it now stolen for the second time. Could you please think about establishing something like a bycicle garage or basement? That would be very nice. Thank you in advance. ;HR
There is no more paper in the printers in building 10 so I can't print important documents for the customer. It would be great if someone refilled the printers.;Facility Management
Good morning! I see that our company has great relationships with Eastern Europe and China. The best deals are closed with these regions. Will there language courses for Russian or Chinese available? Which language course do we have now? Thanks;HR
Hello I accidentally dropped my corporate phone and the touchscreen broke which makes it impossible to work. How long will it take for me to receive a new one? And what are m next steps? Thank you;IT
Hey I wanted to apply internal to an job offer from another department. You should have all my documents already through my current job, do I still have to hand in my documents again?;HR
hello, the phone in office 311 is not working, how can I fix it? Thanks;Facility Management
Hey, can I have a new door for my office? Or could anyone have a look at my door? The sound isolation is horrible and I can hear my colleagues as if they were in my room.;Facility Management
Hey, there is some construction work going around beside building 8. What will be in that new fancy building? A new gym?;Facility Management
The coffee corner on the 3rd floor is out of milk for coffee, can someone please refill? Thanks.;Facility Management
Hello, the usb ports on my laprop stopped working, I cant connect mouse etc. I have tried restarting but still doe not work. Could you assist?;IT
We currently have too much work to handle in our department, is it possible to extend our contracts from 37 hours per week to 40? Or alternatively to abolish our overtime hours limit for the next few months?;HR
We need to hire an additional employee in our department, which permissions do you need to start the hiring process?;HR
Hello, is the company going to cover my visa expenses to travel for business? Thank you;HR
Every department has its own post box for the internal shipping of letters. Ours was not cleared for like 2 weeks already. I was forced to carry all the letters manually to our internal post office as we need to sign a contract with the sales team for the team budget asap;Facility Management
I have a following question: I have ordered a new company phone. After I receive new company phone, how can I transfer all my data from the old phone to the new one? Thank you!;IT
My computer does not charge and I don't have much battery power left - I am unable to work like this… what are my actions? Thank you;IT
How can i get an appointment at the company's manual therapist?;HR
I am unable to install any addons to my chrome browser, I keep getting a popup that this feature is disabled on this pc by company it admin. Is there still a way I could install an addon like e.g. adblocker? Thanks;IT
I have an issue with my computer mouse - the adapter seems to have stopped working. I know it is not the mouse (at least not the batteries). Could you help me with this?;IT
Hello I broke my laprop by accident, can I get a new one? Also, am I going to have to pay for breaking it? It was a mere accident, thanks;IT
A following issue. When I enter my credentials when I turn on my pc, I get an error message thet my user number does not exist. What could be the reason? I have worked here for quite a while already and don't know what the deal is;IT
Hi, what is the general procedure of upgrading my current hw (phone and laptop) to the newer one? Thank you;IT
Good day. I am requested to upload my study certificate on the portal because new uni semester began. I get redirected to the portal but can't upload any files. Could you assist me? thanks;IT
Hi! I dont know what to say but this is urgent and nothing like this ever happened to me in this company. Today I my customer call ended at 2pm. I ran to the bathroom as the next call was about to start. When I returned, I recognized that my company iPhone 12 PRO had disappeared... I hope you have video recordings to find this beast. How can anyone steal things in our office?!??!;Facility Management
I cannot make calls in ms teams anymore - as soon as the conversation begins I am beimg kicked out and cannot rejoin. Could you help me resolve the issue? It is very frustrating;IT
hello, how can I change my corporate email address? Who do I need to contact? Thank you;IT
hello I can'tnprint any documents from my pc. It says my client is wrong. Could you please help me?;IT
Hello I was watering plants and spilled water on my laptop keyboard. It first worked fine but after 5 mins it went all dark and blinking white. Can you please help me?;IT
Hello, what are the steps I need to undertake in case I have forgotten my global password? Who do I nedd to contact? It has nor happened but I want to know just in case. Thank you;IT
Hello, I have a following problem. There is a big lagging issue with my touchpad. So whenever I move my finger across, it takes like 5-10 seconds for my cursor to move on the screen. Could somone please help me?;IT
Hello what documents do I need to put together if I have decided to resign? And how much in advance do I need to finish the procedure before my contract is terminated? ;HR
My laptop camera stopped working after the last qindows update. Could you help me with it? ;IT
Hey, I received an application from a phenomenal candidate and we really need to hire her. Can you maybe help me with the employment process?;HR
Hi, my please extend the contract of our working student Charles Mannheimer by 3 months. Please provide me an update;HR
"Hey, when is the next ""Women in IT"" event? It was awesome for networking";HR
I have a following question. I have received an email that some of the programs I have installed on my laptop are not compliant with company policy and I must deinstall them. What should I do if I need these programs for work? Thanks;IT
hello could you please tell me which specific hardware do I need to return after I leave company? I have a bunch of things and might lose an overview, so a complete list of things I need to return would be helpful. thanks;IT
Buenos dias, I just got internally transferred to London. HR promised to help me with the transfer to my new location. I know that there are 6 months to go but I am a bit worried regarding the living and how I am supposed to carry my property to London. Thanks;HR
I don’t know what is wrong with my webcam but whenever I turn it on it trembles a lot. In a way it looks like there's an earthquake. Can I have someone to have a look at this issue?;IT
Hi, I can't open my microsoft office applications, it requires me to sign in. If I enter my work credentials they are said to be incorrect. What should I do?;IT
Good day. I am a new employee and have still not received all my hardware. Could you please update me on the status of things that have been ordered for me?;IT
Hey, thanks for helping us to hire a new consultant. However, there is some error in the people system. I am his manager but in the people's portal his manager is Richard Wagner for some reason…;HR
Hi, is there a way that the hardware (laptop, phone, simcard) I ordered gets delivered to my home (I only work from homeoffice) or do I need to come personally to the office? ;IT
Hey! I read that our company offers a lot of opportunities to strengthen the health. I know we have a gym but which other sports activities are offered?;HR
Hello I need assistance with my keyboard. Letters A and P as well as sometimes G do not work. (I had to copy paste these into the ticket). Can someone please help me with this?;IT
Hello I am new at the firm. I need headphones and a mouse - what shall I do to get them? ;IT
Hey I really need urgently a day off from work due to familiy problems but my boss does not grant me this one day. What can I do about that?;HR
Hey! I read that our company offers a lot of opportunities to strengthen the health. I know we have a gym but which other sports activities are offered?;HR
Good Morning. I am writing to you from my phone because I cannot be authorized on my laptop. I enter the correct credentials but at this step the computer starts to load and then gives me a loading error message (NOT password incorrect message). What might be the reason and what should I do?;IT
Can I use the specified software for signing contract documents like e g docusign or do I have to hand you in a physical copy thank you;HR
Good morning. I would like to know whether HR will know automatically on which days and where to register and payout vacation days to me? Or do I need to inform them? Thank you;HR
after the last software update none of the office printers can be connected to my computer/account. I did not make any changes myself. What can I do to fix it?;IT
Hey, I applied for the company's stock program but no single stock was transferred to my account. Can you elaborate on that?;HR
Hey team, I am preparing to change my current job but I want to stay in the company. Can you help how to do it?;HR
my pc does not recognise any of the accessories I am trying to connect to it, not a mouse, keyboard or headset. Can I please show it to you? Thank you;IT
Hello, I still did not receive my transponder to get into the office. Can you tell me how long it will take to get one?;HR
Hey, at my previous employer we had yearly summer parties. Do you organize such events too?;HR
I read that one company benefit is the program to purchase cheap company shares. How can I participate?;HR
Hello do I need to pay if I by accident break any of the company hardware that was given to me? Thank you;IT
I have a following question. I just started work here and need a headset. Do you give them out just like laptops etc or do I need to order it somehow? Thank you;IT
I cannot access any files in MS teams from my phone. I know I have access but the files just won't open. Could you please assist me?;IT
I have a problem with my laptop - my touchpad stopper responding suddenly and does not work anymore. Could someone help me?;IT
Hello HR team! I have a question: May I contact you if I have suggestions for improving our benefits? Some companies are shortening the work week. E.g. Microsoft in Japan works only from Monday to Thursday. Is that something for our company too?;HR
Hello I am noticing that my laptop's life without charging is reducing slowly but steadily. A month ago it could live for 2.5-3 hours without charging - now only 1 h. Could I get assistance on having it repaired? ;IT
hello. My computer keeps restarting automatically every 15 minutes, what should I do to have it fixed/changed? Thank you;IT
My problem is as follows: I cannot see my payslip updates in the portal. Thank you.;IT
my office programs are in german. Can I switch it to english somehow?;IT
Hello, I want to dissolve my job contract, could you tell me how we will proceed?;HR
Hello, can you help me with the following. Where and how shall I return all my hardware before I leave the company?;IT
Hello, I cant go into my time recording page and have my work hours documented. Do yoou know what the issue might be and help me fix it? Thanks;IT
What documents do I need to prepare to employ two more colleagues to my team? thank you!;HR
Hey, my salary should have increased from 4400 Euro to 4600 Euro last month. Yesterday, I was paid 4400 again, please explain that;HR
Hello I would like somone to have a look at my keyboard - it is not working properly since a week now. Can I get an appointment? Thanks;IT
Hello, I have received a leaver checklist even though my contract is extended. Do I still need to fill it in before my current contract expires or can I just ignore it?;HR
Hello, do we have a corporate license to use mural as a whiteboard tool? It is useful for online workshops but I would like to know if I need to apply for license or who will take the costs. Thank you;IT
As we have the dogs-allowed-policy, I would like to know why there is no policy which allows cats? Due to the job, my kitty is alone at home for about 10 hours. I don't want her to become depressed.;HR
Hey! I have a very talented working student who asked me if we offer a dual curriculum in data science.I haven't seen such a position in our portal but I know that one university in Darmstadt offers that. We really need to keep this guys in our company. Please please please help me and him to get this dual curriculum organized. It should be a dual master curriculum;HR
Who is charged for my participation in non-mandarory training that is not free? My department or me personally? Thanks;HR
hello, the search functionality in the software store does not work properly, it freezes everytime I look for the program I need. I know it is available but I can't find it. Can someone help me?;IT
The function to see my payroll slip has disappeared after the recent update.;IT
Hey, I can you offer these amazing trainee programs for graduates. Unfortunately there are no open vacancies for now. Do you maybe when they will open? Thanks;HR
Hello, we are looking for a new team member. Could you please add a job posting with a following description? Thanks;HR
There is something wrong with my laptop battery - it dies within 20 minutes even if I make sure the laptop is fully charged. It significantly reduces my flexibility. Can I have my battery exchaged? I have a Lenovo T480 laptop. ;IT
I don’t see my calendar in MS teams anymore. Earlier it was connected to my outlook calendar but now it disappeared and I need to go back to outlook everytime I need to look there. Is there a way to enable it in teams again? Thank you;IT
Hi, I had a problem with the touchscreen so I had to turn to IT and a colleague disabled it, saying the issue was temporary and will be fixed in the new windows update (some of my coworkers had the same problem). Now the update has been made and it forks for them. I would like to try it too but don't know how to turn it on again. Can you help please?;IT
Hi, I have a question regarding password change. The system has requested to change my password (after 6 months). What will happen if I don't? I am comfortable using my current password and don't want to change it. Thanks;IT
My company phone is not switching on anymore, can I get a new one?;IT
Hello, is there somewhere a list with all corporate licences the company has for home office programs? I have found a useful tool I need for work but I don't know if I need to pay for it;IT
Hey I want to make up my postgraduate studies parallel to working, is it possible to reduce my current position to a part-time job?;HR
Hello I am a new employee and have recently received my work laptop. However this is a MacBook whereas I have worked with windows all my life and am uncomfortable with mac. Could I get new hardware please?;IT
Thank you for checking my portal for the additional functions. I have not expected that many changes. Do you have some kind of tutorial or training video for me? Would be great…;HR
hello I am leaving company soon and will need to return my hw. Do I need to return all accessories like earphones, mouse etc as well? I just remember I had to order in a shop new ones for me when I started work;IT
Hello, my touchpad has gone crazy - it moves my cursor all around the screen. I can’t control it with a mouse because it is stronger. Can I please get assistance in this?;IT
Hello I just came back from business trip and figured out there is a big crack on my laptop screen - must've been damaged while travelling. What is the procedure to have the screen replaced? Am I supposed to get a new laptop now? I am perfectly happy with mine, just with new screen;IT
A current customer of mine has granted me access to some programs I need to finish the project for them. I am asked by compliance team to delete these programs as quickly as possible. How much time do I have to do this? My project ends in a month and I still need the software, Thanks;IT
Hello, I have an important meeting with one of our clients tomorrow and would need  a car to get there. Does our company offer any car which i could rent for tomorrow?;HR
I am expected to travel to a conference next week, what expenses will I have covered?;HR
Hello I can’t charge my laptop for some reason. What shall I do? Can I please have assistance? I am either in urgent need for a new laptop or a way to fix mine.;IT
Hello to Hungary! My son is studying HR management. Do you offer internships or working student jobs? He is really interested in getting some practical experience.;HR
Can you please help me with the following. I have received a leaver cheklist and filled it in. Where do I need to submit it before I leave?;HR
I need some MacBook adapters to be able to connect to sompany inftasrtucture (made for windows notebooks). There is a list of adapters I need and my question is where I shoud get the? Do you have them at hand at IT place or do I need to order myself?;IT
Good afternoon, last year I worked for the facility management department. As I left the company, I kindly ask you to remove all of my personal data as it is allowed by GDPR.;HR
Hello my mail on the phone and laptop is not being synchronized. What should I do to fix it?  It is like I am using two different mailboxes with the sae address…;IT
My phone is overheating without any reason, do I need an appointment for someone to look and maybe repair it? Thanks;IT
My current intern would like to explore the daily business of other departments. Do you know if we can do such a quick transfer? Do you maybe need a young engaged man?;HR
Hey can you tell me how long this hiring freeze is going to last? We wanted to offer a former intern the possibility to write his master thesis with us.;HR
Hello I cannot connect to wifi on my laptop, but connection works fine from my phone and my colleagues are also not having any problems. Could you please assign somone to have a look? I would really appreciate it;IT
Hi, I would like to receive something like a certificate that I actually workat the company to present immigration authorities, could you please help me further? Thank you;HR
My usb ports in the laptop seem to have broken, I can’t connect any other devices to it, what should I do? Thanks;IT
Hello, my email app on my iphone does not send me incoming mail notifications anymore. What can I do to enable them again? Can you help me further? Thanks;IT
Good day. I am unable to access my personal cabinet in the internal portal. It says I do not have the necessary authorizations. Could you please provide me the authorizations I am missing or help me with accessing it? Thanks;IT
Hello, my manager told me he has started the process of extending my contract, do you have any updates on the current status? Thanks;HR
how can I connect my new corporate phone to my work accounts? Do I need to log out on my old phone to enable the new one? As of now I can’t log into anything;IT
Hello, do I need to write down all expenses I make while traveling for work to get reminbursement? Thank you;HR
In the recent weeks my outlook is not working well. Sometimes it does not update my mail and does not me send anything. Sometimes it works fine. I have not changed any settings but I cannot work without access to my emails. What could be done to fix it?;IT
I would like to know what happens to broken hardware that employees break? DO you usually repair it or just take it down to details/throw out? Or do employees just get new hw? I am starting an intracompany initiative for climate action and need this information, thank you;IT
Hi! My former employee has asked you to delete all of his data. Can you do that or is that a task for IT?;HR
Good morning.I have decided to leave company and would like to resign. I have already talked to my manager and he will approve. What are my next steps? Thanks;HR
I cannot access the internal portal to record my time or make a leave request, the page freees and kicks me out. Is there a companywide malfunction or is the problem just mine? If so, can somebody look into the matter?;IT
good morning, is there a way to disable automatic updates on my pc that are triggered by company IT? They keep happening during the day and it interrupts my workflow. Thank you;IT
Hello my laptop does not have enough usb ports that I need for work. I would like to get an adapter ith multiple usb ports. Do you have such things available in the office? Or shall I just buy it myself? How does the cost reimbursement look?;IT
Hello, I have an urgent meeting in Portugal next week, can you tell whom I have to ask for permission of this business trip?;HR
Hello, I have installed some software I need on my laptop and am asked to deinstall it because of compliance. What will happen if I don’t do it within the deadline? ;IT
I have granted access to some excel files to my colleagues but they cannot open the files. I checked multiple times to have used the correct names. Still, the systems says they have no access. Could someone help?;IT
Hello I have just updated my password as required by the system. However, I can still log in to my laptop using the old password. Is it supposed to be like this? If not, what shall I do?;IT
I am a new employee and would like to ask you if you have any orientation trainings for new joiners to understand the processes?;HR
Hey, I am from Belarus and … I am desperate. My manager always makes stupid jokes about my people drinking too much alcohol. How can we stop this? Can I transfer to another department because this is really discriminating;HR
My computer freezes after 5 min work, I have restarted it multiple times but it doesn't help, can you please help me further? Thanks;IT
hey, can you tell me whether our company supports a sabbatical? I am highly interested in taking one and would be very happy if you could provide me further information how I can make an request for taking a sabbatical.;HR
How can I change my health insurance to our company's own health insurance company?;HR
hello, my office programs have been incredibly slow all week. It now takes a few times longer the average normal time to even load it, to say nothing about working. I know my colleagues have been experiencing the same. Can someone look into it?;IT
Good day! I am new at the company and need accessories for work - mouse, headset etc. Could you please navigate me to the page where I can buy them? Thanks;IT
I have a following problem: today is January 15th and I still have not received my salary for November.Can you help me further?;HR
My touchpad is broken - it controls the cursor and may move it randomly across the screen. Even if I use the mouse it does not help. Help me?;IT
Hello, I have ordered myself a new corporate phone but unfortunately I don't see the date when it is supposed to arrive, could you help me further if I tell you the order number?;IT
Hello, would you find it disrespectful if your colleague received a gift for an anniversary at the company but you did not? Well. I am 25 years with this company. My colleague received a golden watch but I did not get anything… This makes me really sad... 25 years... for nothing ;HR
My SSO does not let me edit the files I created, saying I need to log in but then the system fails, what should I do?;IT
My computer mouse is moving uncontrollably as soon as I turn it on - is there a way it can be fixed or should I just buy a new mouse?;IT
Hey, as I have a child, I would like to use the chance to work from home at least 3 times per week.  Is that possible?  My manager does not mind;HR
Sorry for bothering you, but I have a certain issue with bullying here in my team. I already informed my team lead about the problem, but she did not do anything about it. Can you help me?;HR
good morning. I have an issue with my mail notifications. They are not shown properly, I receive a new mail notification only after a few hours which somwtimes is too late or don't rceive at all. Could someone please help me?;IT
Do I get a new company phone if my current one is broken? Do I need to pay anything for it? Thnks;IT
hello for some reason my laptop does not connect to wifi network in the office - I need to use mobile data to be able to work. My colleagues do not have this issue, could comeone help me rsolve it?;IT
Hello, Can I rent a monitor for my home office? As I need to control multiple systems at once, this would be a great help;HR
I deinstalled my email app on my iphone because it was not working properly. I installed it again but can’t log into my work mail account, it says my user cannotbe found. What should I do?;IT
Hi, is there a mandatory learning program I need to participate in as a new joiner?;HR
Hello I just started work here and am still in need for some devices. I would like to get a corporate phone - who do I need to contact and what do I need to do?;IT
Hello, I am having an issue with my webcam. It does not work for some reason anymore, and I need it for online meetings. Thank you;IT
hello, do we have something like a software store where I could downoad programs/apps I need for work? Some of the programs I need are not free, so I am wondering if there is a collection of programs where the company already has a license. Thank you;IT
Hello. My laptop charger seems to be broken - I received it from IT together with my laptop. Shall I bring it over to fix it or will you give me a new one? Or shall I just buy a new one without coming to you? Thanks;IT
I see in my payslip that my payments do not cprrespond to the actual hours worked. Could you please assist me to understand?;HR
hey, I know that it is possible to organize round trips of our company. My parents come from Japan to visit me . How can I get the allowance for them to enter the territory?;HR
Hello my laptop touchscreen does not work - it does not react neither to my fingers nor to special stylus that comes with the pc. What are the necessary actions froom my side to have it fixed asap?;IT
hello, I got married and changed my name. can you please update my email address in correspondence with it? Thanks;IT
I attached the birth certificate of my son. Please confirm the paternity leave I have requested for 1 month;HR
Hello, I have a following problem. After the last software update my computer is leading very slowly - up to 10 minutes. Is there any way to speed it up? Could you please helpme further?;IT
Hey my department wants to hire a new intern, can we do that or do we still have this hiring freeze?;HR
Hey, I need to take a week off from 1st May until 5th May. Can you maybe guide me through the internal system?;HR
Hello, I just received my last payroll, and discovered that my tax class is set wong. My tax class is 1 and not 5. Could you please correct that? Thank you. ;HR
Good morning. I have ordered some things (hardware) from the store and would like to know where it will be delivered - to my office directly or to the IT desk in our building/facility? Thanks;IT
I have shared some importand documents (word, excel) with my colleagues so that we can all work simultaneously. However the system does not allow us to open them at the same time - the 2nd one just gets kicked out of it when he tries to open it. Is there a way out of this? thank you;IT
The recent software update has deleted important documents from my pc. Is there a way to restore them? Thank you.;IT
Hi, I had a surgery on my shoulder and I cannot work for the next twoo weeks. I have a sick certificate. Do I have to send it to you or do we have a function in our internal people portal?;HR
Good day. I accidentally spilled coffee on my laptop and it does not work anymore. What do I need to do?;IT
Hi, I have a following question. I ahev just been transferred from a different location abroad abd would like to ask what holidays do we have off in Netherlands in this company? thanks;HR
Hey, I get hourly paid as I am an intern. There is a necessary surgery happening soon. Will I get paid during the sick leave? Thanks;HR
Hello I have no access to internal servers because there is a problem with vpn - I get a popup that a connection cannot be established. My actions?;IT
Hey, when I received my contract, you asked me to provide you the number of available holidays I had at my former company. I attached the document from previous employer to this ticket. Is there any other action required?;HR
hey, I started my internship this week. Shortly after, i got an email where your colleague asked me to enter information about my residence permit. However,  I cannot edit this information in the system. Maybe we could have a call and I can show you the issue.;HR
I have a following question: I accidentally broke a pc charger that IT gave me, where can I get a new one? Do I need to refund it? Shall I give it back? Thanks.;IT
Who do I need to contact if I would like to participate in a training which is not offered for free. I have received my manager's oral approval. Thanks;HR
Hey, can you please align with an expert on how to sit healthy? I know it sounds strange but I think the new office chair is the reason why my back hurts… Maybe this expert can change the configuration of our chairs;HR
My phone screen has broken, where do I need to go to have it repaired? Do I get a new phone instead? thanks;IT
Hello, where do I find a list of programs that I am allowed to install on my crporate laptop? I need some programs but do not want to have any compliance issues.;IT
hello there seems to be a problem with a ticketing system, I was trying to attach a screenshot to my other ticket but it the option to add pictures/files was disabled. ;IT
Hello, I just got married and would need you to change my tax class form 1 to 5. Thank you.;HR
My in-place monitor is constantly blinking and black stripes appear on it - can you please have a look and change it if it cannot be repaired?;IT
Where is more information about the severance program at our company?;HR
I accidentally dropped my laptop and now the screen is broken. It wen all dark. Can I have some assistance on retrieving my data and what do I need to do to get a new laptop?;IT
How can I participate in the severance program? ;HR
Hey, before Covid, we could use the internal portal if we did not go for lunch to receive 2 euro per meal. As we are all at home now, do we still have to decline every meal manually? Thanks;HR
Hello I would like to ask if you have an adapter available that would allow me to connect my simcard to my laptop to access the internet. Because my phone dies to quickly if I use hotspot for too long. Thanks;IT
I have tried to order me a new laptop, it seemed to go through. However I don't see in under my current orders in the cabinet. Can you please see if the order is registered or do I need to do it again?;IT
I need to setup a zoom meeting and need a corporate account for this. Is there a standard procedure for how to request one? Thanks;IT
Hello. When I make an attempt to print anything, an error message appears and reports that I do not posess the necessary licence to execute task. What should I do? Thank you;IT
hey I cant connect to internet on my phone, not wifi or mobile data, please help me fix the issue?;IT
Hey my laptop charging port is broken - I can’t charge my laptop. I know it's not the charger because it works at my colleague's laptop, and hir charger does not work on mine either. What shall I do? It is pretty urgent. Thank you;IT
I have received system notification that I need to update my pasword. I am afraid though that if I do so, I will forget the new one and get in trouble (we are not allowed to write it down). Is there a way I can keep my current one? ;IT
I would like to change my hardware, who do I need to contact to create an appointment? Thanks!;IT
Hello my manager asked me to create this ticket as she gets notified everytime I make anything in the system. She would like to disable this, could comeone help? Thank you;IT
A following guestion. I have granted acces to my team in MS teams. They can see the same folders and files as me. But if I share a link to the files in teams (that are in the same group) they can’t open it and say the file is private although I shared with them can someone liook into this?;IT
Good morning. I need a specific program from our software store but I see that receiving a permission to install it needs an approval from my manager (as it requires paying an additional personal license). Will my manager get notified automatically to grant approval or do I need to contact him? thanks;IT
When I switch on my laptop it does not turn on i.e. it starts to load but then freezes and switches off again. It cannot be the battery because it also happens when it is plugged in. Can someone please investigate the issue? I am unfortunately unable to work like this.;IT
I cannot login into my portal. I am sure I am using the correct name and password but it is not going anywhere.;IT
Hey what should I do if I cant log into my user on my pc? I am 100% sure I enter correct password etc but it still says my credentials are invalid. Ia there a way to reset things without data loss? Thanks;IT
Hello is there a problem with servers for the customer demos? I am trying to access it but can't get through.;IT
"hello, I changed my account password as requested by the system (6 months have passed). When I try to log in with new password I get the ""password incorrect"" message. What do I do? I only have acces to my phone now";IT
Hello, I would like to make an appointment at the onsite IT department to exchange my software, could you please help me firther?;IT
dear it team, could you please provide me all necessary authorizations for Concur? I cannot book anything myself;IT
Can you please assist me with the following question. Do I automatically lose access to my profile after my contract expires or do I need to let IT block it somehow, thank you;IT
My iphone keeps sending me sound notifications even if I don't receive any messages on any of the apps. It is pretty annoying, and when I turn them off I don’t get notified when I receive important messages. Can somebody look into this?;IT
I have a problem. The in-place monitors on my workplace are not working, I cannot connect my pc.;IT
I have been trying to connect my pc via hdmi to big screen to show my team a presentation but my laptop does not connect, could you help me?;IT
Hi, my mouse accidentally broke on the short notice and I need it today for work. Is there a way I could quickly borrow one from IT? Or the only way is to buy a new one? Thanks;IT
The printer in my office has broken, I cannot print anything as it does not connect to my laptop via wifi. Can someone investigate?;IT
Hello IT, I am writing from my colleague's computer. My name is Rebecca Baker, I5410012, and my computer does not start at all. I enter the password and the username but it simply won't do anything. How can we meet? Thanks!;IT
My laptop's touchscreen is not working properly - there is a place on the screen where it seems to be pressed. In this way I am unable to work as something is pressing on a screen spot constantly and it closes windows/disables mouse every few seconds. Can sombody help me please?;IT
hello, I have a following issue. The files in teams should be autosaved automatically. However they are not saved and you can’t even manually save them. The only way to make changes is to download the file, change and upload again. Could you please make it autosave again?;IT
dear IT team, I have ordered a yearly zoom licence a week ago and still have not received my corporate account. How long will it take to have it set? Thank you;IT
After going on a business trip (on a plane) my pc's battery does not hold longer than 1h. Can you help me fix it or who should I talk to to get a new computer?;IT
hello I can't download anything from the software store, can I get assistance?;IT
When I try to enter the internal system I receive the attached popup. I would appreciate it if you help me fix it. thanks;IT
Good day. It takes ages to charge my laptop in the last 2 weeks but it was not the case before. Could someone please look at what might be the reason for this? Or eventually replace a battery on my pc? Thank you;IT
Hello I am using the older version of snagit, the screencapture program which I downloaded from the software store. I know the new version has come out. Am I supposed to update it? For how long will the older versions still be supported at our company? I like my current version better and would like to keep it;IT
whenever my skype app is on, I can’t make any calls in any other apps (teams, zoom etc). I can only hear a strong beeping noise coming from skype ehich disappears only if I turn it off completely. However I still need skype for messaging etc. Can someone help me fix this?;IT
Hi, I have forgotten my global password so I have no more access to my laptop. What are my next steps to have the issue resolved?;IT
Good day, I have added adblocker addon to my chrome browser but now I can’t access any of the corporate websites unless I disable it. Is this normal? Am I supposed to be able to access them with adblocker? I know it works for my colleagues;IT
After the new update my MS office applications automatically create protected files that can only be opened with a password. How can I disable this feature again? Thanks;IT
I have a following question. When I download something from te software store but after a while a new version of the program comes out. Is the program going to update itself automatically or do I need to download it again every time? Thanks;IT
Hello, I ordered a new iphone but the order process seemed to have broken. I repeated the steps again and now I see both orders in my cabinet. Could you help me delete one of them?;IT
hi, how do I switch on the mail notifications again? I switched them off for I had a workshop and did not want to be distracted but the option to turn them on does not appear anywhere;IT
hello, the print screen functionality does not work on my laptop anymore. Even if I dowload programs they still crash. What should I do to have this issue resolved?;IT
Hello, I have an issue with my laptop touchscreen. It looks like some force is pressing on the screen itself and the laptop becomes uncontrollable - it is stronger than a mouse. What shall I do?;IT
Good morning. After the last evening's update my touchpad does not work. I am assuminng it just is disavbled but I can't enable it myself again. ;IT
Hi, how can I make an appointment to physically show the IT my pc? It starts making strange sounds from time to time. Thank you;IT
Some of my excel functions are disabled, I cant create or use any of the pivot charts to do important analytics. Restarting or redownloading file did not help. Any support will be appreciated.;IT
A following question. I need to buy something from the hardware store for work - and I have my manager's oral approval. Who gets charged if I order things - is it out department or me personally? Specifically, I need special adapters for my laptop. Thank you;IT
Do I need to make an appointment to change my old hardware for the new one or could I just come by after its scheduled arrival date? Thanks;IT
dear team, there is come kind of a permissions error that does not allow me to save generated reports. I believe it has to do with the server where reports are published to. Can you resolve the issue? thanks;IT
When I generate a new document, the program cannot find a path where to save it which makes me unable to finish report generation;IT
Hello, I cannot turn on my computer for some reason, can I come over to the it desk tohave it looked at? I have an urgent important meeting and need information that is stored on my laptop;IT
I am having trouble with my laptop keyboard - at times it freezes and does not react to any of my moves which significantly reduces my productivity. What are my actions to have this fixed?;IT
I am receiving a server error message when I log into my personal account in portal. I can't see my data. Help me please?;IT
I can't find the important functions in the videoconferencing app after the new update. Do you have a manual where I can find the necessary functions in the new layout? Thanks;IT
hello I can'y log into my mailbox.i am using the correct name but it still does not work. I even tried password reset but still no result, could someone investigate?;IT
My laptop is getting very hot right aftr I turn it on, can I come by for someone to have a look?;IT
There is an issue with my laptop's keyboard. Whenever I press buttons, it freezes and the same letter comes out multiple times (e.g. Pppppppppppp) and then th whole progreams stops working as I have to manually stop the same letter form being printed. Can i get some assistance here? ;IT
My team calls add in has disappeared from my email application after the last update yesterday. I have tried fixing it myself but it doesn’t work. Can you help me further?;IT
There is something wrong with my screen resolution - content of the screen cannot be seen fully. I even cant adjust it- the option seems to be locked. I need some assistance here, thank you;IT
I am trying to print some files for my meeting but the printer wouldn't work. It first lights up but then goes into hibernation without any output. All files are just stored in the print queue. Can someone have a look?;IT
Hello, my web camera is broken - it switches on and off uncontrollably. Can you help me with this please?;IT
Hello  could you please lend me headphones? My current headset is not working (it is old already) and I need new one. What are my next steps to get them? ;IT
Hello, the system does log me in automatically as previously when I started work, now I need to enter my credentials manually everytime I close my laptop, how could I resolve the issue?;IT
can't open software store on my laptop, is there any malfunction with it? ;IT
My laptop somhow does not recognize my printer. Even though I used it before, now I am unable to print. Thanks;IT
Hello I have, just as required, changed my password. Now, when I try to log into my laptop, it says the password I enter is wrong. I am certain I am typing the correct thing. What should I do? I only have my phone now where I am typing this ticket.;IT
There is an issue with my phone battery. When I unplug it from the charger my phone is working for aroumd 20 min and then the battery is shown as low again. Can you please book a new phone for me? I am traveling for work a lot so a lot of my work is in the phone.;IT
how often am I allowed to change my hardware? I am using my current hw for almost 2 years and I don't know if there's a way to get newer devices;IT
Hello, it seems like all MS office apps were deinstalled from my pc after the last update, can you please help me install them again? Thanks;IT
Hello, for some reason I cannot use my headset with blutooth anymore - it does not seem to be able to connect to laptop. What are shall I do and who shall I contact to repair it? Thank you;IT
Hello, my mail app stopped sending me notifications and even though I checked that they are enabled in settings, I don’t get notified when new email comes. I would appreciate if I could get any assistance on this;IT
hello, I need to connect mt laptop to a bigger monitor, but I don’t see the option to duplicate screens. All I see is to extend but this is not what I need. Could someone help me figure out the problem? Thanks ;IT
Good morning. I had a software update this morning and after it finished I realized that some of my important documents were missing/deleted. Is there a way I can restore them? I had the saved and closed before the update;IT
Is the company hardware insured? What happens if e.g. a phone or a laptop is broken? Who bears the costs? What is the procedure to exchange broken hw for new one? I haven't had this problem but would like to know what would happen in such case.;IT
I can’t open any of the nicrosoft office programs. Can someone reinstall them or make sure they work again?;IT
I cant connect headphones to my company phone which significantly reduce my mobility, can someone please look at it and tell me what to do?;IT
I cannot access any internal systems from my pc, I keep getting message that the user id is invalid. Could you please help me fix the issue?;IT
do I need an appointment to show someone my laptop? It does not turn on anymore, thank you;IT
hello is am shown as a team owner in a Microsoft teams group. However I cannot add anyone else to the team. What might be the reason for this?;IT
There seema to be a detail loose on my computer, it sounds like there is something inside of it when it moves. Can it get broken because of this?;IT
Hello, my printer does not work properly, it prints all pages completely black and no content can be seen. Could you swnd somone over to fox it or get me a new one? Thank you;IT
